Comments,Classifications
@someUSER congratulations on you celebrating british kid singers sophia grace's and rosie's 1st anniversary of a visit of your show .  how,1
@LoKarDi_RT uske liye toh bahot kuch karna padega ye pappiyon se kaam nahi chalega #ForTheSakeOfHumanity,0
"@slimswamy yehi to hum semjhane ki koshish kar rahe hain. Log to sab kuch ko issi mein tol dete hain. 
Context:http://www.opindia.com/2015/02/buzzfeed-editor-tries-to-make-political-tweets-you-wont-believe-what-happened-next/ …",1
@DramebaazKudi cake kaha hai ??,1
@someUSER i'm in hawaii at the moment .  home next friday night .  don't want to come home .,1
Jeet ka jashn aur shubah ki shuruat â€” eating bread pakoda at Tandon's Cottage Vaishali Damoh https://t.co/ix2dB9b1Iv,1
1 sookha puri aur dena bhaiyapic.twitter.com/FvLEv3onxZ,1
"Matlab tum Karishma nahin Raveena ho? Aur woh jo Karishma thi, woh ab kahan ravana hai? https://twitter.com/The_Karishma/status/499234729262997506?s=03 …",1
"Sachai ki jeet hogayi
*aankho mein aansoo*",1
@Vyomnaut sahi me yaar,1
kaun hai ye zaleel insaan?,1
"Haan, uske khidki khuli thi jismein se baburao jhaank raha tha.",1
yaar confess karte ho ya torture  .  .  .  itna bada bada confession,1
"@LoKarDi_RT Tujhe sign up kar ke 1000 rs mere account me daalne padenge, tab hi recharge ho payega. ",1
"Miss u msd "" aadat ho gayi hai aapko captain dekhte hue .. #Dhoni",1
"note ye application google playstore se download hogi  ,  toh fake toh ho hi nahi sakti ""  .  .  . ",1
bas kabhi ghamand nahi kiya.,1
Ye bhasha kahan se sikha hai?,1
@dhaval241086 sure bhai :),1
"@MohitParmarr ye kaun se channel par aur kab aata hai? Batao, zara hum bhi toh dekhe!",1
agar ayesi he baat hai toh peechley 15 saalo se bjp waaley congress ke khilaf apna 'prattyashi' kyu khara kartey thein delhi vidhansabha election mein .  .  .  ?,1
@YouDontKnowWho_ kya hogaya aisa?,1
unhone pehle pic ni dkhi ti kya tmhari jo milne k baad hi ignore kia tmhe  .   .   .   ?,1
"mai to itne games me b bas ninja turtles ,  street fighter ,  car race and mario khel kar khush tha baki games par dhyan dene ka tym kiske pas tha :-d",1
@GhantaGuy is rishtewaad se azaadi,1
Bahut log hai jo aapse baat karna chahte hai..plzzzzzz dn't brk thr hearts sir plzzzz,1
ab voh bola jisne kisi bhi party ko support karne se mana kardiya tha .  . a flop show annaji,1
@whycarewho kone wale plot me jagah zyada hoti hai :),1
sala #olympics k game bhare rehte the isme  .  .  .  .  dhokebaaz >_<,1
cha cha ? ab seedha #Trump nazar aane laga ? Kasab se Trump tak ?,1
Bahot time baad suna ye! Achha laga,1
"kuch nahi samjha kabhi, itne saare cheezon se deal karna aata toh shayad life mein succesfull hota.",1
@iamGunjanGrunge Tharak saale har ladki ko mention karna hai tujhe @brawling_virago @Atheist_Krishna,0
@thisisAparajita sahi hai :(,1
@Alllahdin Aaj match hai na? Ki kal?,1
yaar tum ladke inne senti krne wale kaam kyu krte ho  ?  ?  ?  :'(,1
@Annu__k text karo phr dekhtay hain,1
@mamtan14 didi abhi apni me time hai,1
"Abe Congressiyon, Nigerians bhi insaan hote hain, bandar nahin. Kyon itna bura maan gaye.",0
oct 30 its goin down at the congress theater i will be performing along wit machine gun kelly !  !  !  !  http/URL,1
kitne dukh ki baat hai na :(,1
#TripleTalaq ho ya Divorce usshme koi matvate /Rajnetic Na hona chahiye. Mahilayo ke ke liye sharaph ke saman hi hai. Triple Talaq ko roke.,1
tum ye karoge mere saath? Maine aaj tak tumhe kuch ulta bhi kahan hai? Hadh hoti hai,1
wâ€¦ise tu boli nai ki hai kaha se,1
luncher paaji pehle chai k saath biscuit kha rahe the .  .,1
"@aanchalator toh phir theek hai, aise kisi Ladki ke T-shirt mein kuch bhi kaise daal sakta hai koi?",1
@twinitisha phir to twitter walon ki khush-naseebi hai :),1
Happy Birthday Dhoni & Hello to Sakshi bhabhi. Aur baaki sab khairiyat?,1
"LOL, phenk deta to bechare ka phir kat jaata bill, isiliye lauta diya chup chaap. #EkBhaiKeLiye",1
"Did Arun Lal say, ""Ye dekhiye Bangladeshi player khushi se apne andkosh takra rahe hain""",0
Sab kuch sahi chal raha tha life mai .. par Achanak Sony TV Dilwale movie ka telecast karne vali hai aaj raat ... why .. why ??,1
@Atheist_Krishna bhai bas kya hamesha Sunny Leone dikhau..,1
@narendramodi kuch pata hai students ke mehenge din agaye hai?? #gst laga diya hai bas kuch socha tha pehle?,1
@Gott_Partikel aankh band karte hi shruti hassan nazar aati hai :(,1
@pandyas0599 Gud mrng sir aapko Mahashivratri ki hardik mangalkamnaye :),1
amazing day today .  i can't wait for tomorrow,1
"Sorry, mujhe laga raat ke 11.30 baje hai.",1
Phone ka wallpaper dekhte dekhte zindagi kat rahi hai.,1
@sayshardik @pintubaba_ Ye baatli chahiye mujhe :(,1
#NoteBandi mein Temporary Ban to lag Chuka hai 0 Koi baat nahin hai !,1
"Toh phir toh achhi baat hai nahi, mitthaiyan khilao!",1
"OMG kisi ne RT spree diya saalo baad.. Thanks @SahiDisha 

*khushi ke aansu*pic.twitter.com/P75DZ5jPkk",1
Brilliant Answer By Boy Friend on Break Up â€¦ . Girl,1
.@RanaAyyub ye Amit bhai ne nahi Muhammad Ali ne kaha tha pagli,0
"Please follow @SaleemChikna & @sayshardik, ye log free mein daaru pilaate hai. #AaiShappath",1
@Perrignrr  ye kya hai?,1
Haar aur Jeet to khel ka hissa hai. Ye wala bahut din taklif dega wo kissa hai.,1
@Kahaanify hamari kashti wahan doobi jahan paani kam tha,1
@sagarcasm abhi bhi hu,1
@BeingMSD mera motive kuch aur tha,1
err @DefucktiveHumor ye le ek aur.,1
@RoflGandhi_ @infinite_aMy Guru ji ko pehchanne se inkar karne wale logon ko Pakistani visa ke sath passport muft diya jaaye. Pranam.,1
"Yaar, koi ye bata do ke yeh ladki hai kaun?https://twitter.com/Sarcaism_/status/733178336147562496 …",1
.@sagarikaghose haan khush ho jaa Pakistani @IndianExpress,1
_/\_ SIR. Rulaoge kya?,1
@MildlyClassic India aur Sri lanka ek hi hai sir,1
ultimate yarrr .  .  .  .  just love it,1
@narendramodi ISI ko bulao vote dene ke liye,1
"Bas aise hi reviews ki zaroorat hai, kaafi protsahan milta hai in baaton se. ",1
"@akshaykanitkar Sahi hai, bada aadmi hai tu. Kya chal raha hai? Kab milna?",1
"ye bohot pehle ho chuka hai https://twitter.com/BolshoyBooze/status/595267739297587200 …
@Dukhi_Engineer",1
Salmannnnn aaa intezaar idhar ? tere liye ?,1
@PratMitt @GabbbarSingh @c_aashish arey kabhi kabhi toh aap dhang ki baat karte ho :P,1
@BUnlimted hahaha.. Bhai @Champ_Nikk  shave kar lena,1
@huh_watnow mujhe to bas ek tera sahara hai..,1
@nickhunterr hahaa.. Matlab ab date yaad dilaoge  @twinitisha,1
@Bihar_ke_lala khusi hui tumhara janamdin aaya,1
use to gate se bahar hote hi utarna compulsory tha .  .  .,1
kahi rajnikant to nhi tha .  .,1
@sureshnakhua maan hi nahi rahe hai,1
Keerthi ! lets open a NGO together ! toote dil ke marezon ke liyea,1
india kbhi bhi china ko peeeche nhi kr paaega.....,1
That Spin ! Ravi Ashwin . Kuch nai ho sakta bhai Africa ka World Cups mei .. #Mauka #IndvsSA #cwc15,1
t . v . off guddu: mummy .  .  .  .  . khane me kya hai .,1
chalk churane ka bhi apna maza tha .  . :),1
"ji bilkul, iss baat ka toh inkaar nahi kar sakte.",1
"Sabko bacha kaho,sirf mere ilawa ok",1
@sahilmjain ek nahi mili ab tak </3,1
@Babu_Bhaiyaa mujhe bhi dena zara 5 rs ke.. Bhookh lagi hai,1
"bahut badiya ,  bahut hi undaa ,  kya baat ,  kya baat .  dil jit liya tune toh .  .  .  :d",1
"Everyone on TL is thanking their Moms.. Bhai aiyaashi karne ke paise to Papa hi dete hai na.. 

#ThankYouPapa",1
@iamGunjanGrunge Tanmay jail ko hi kha jata,1
"@BolshoyBooze Shakti bechara kabhi kuch bolta nahi hai, he is like a husband eve n before marriage.",1
Phone dekhne mein taqleef hai kya?,1
@balliawalebaba bas badiya sab.. Upar wale ka sahara hai.. Abhi chai pee rahe hai :),1
"@rsairajeswari Zamana kharaab hai.. Shine lajawaab hai: https://www.youtube.com/watch?v=CK4rf9T6OrI … #LagGayiVaat 
Shine",1
"@Ra_Bies Hello saadu saahab (senior bro in law), ki haal chaal?",1
jabatdast dost .  .  .  .  1 page me rula diya yaar .  .  .  .  . kamaal hai .  .  .  . superb nd hatss off to ur crearivity .  .  .,1
@MissKhushiSen mujhe laga sab bhool gaye honge #SENTI,1
Salman khan kaha ho?,1
@MeetUunngLee pagal aurat hai,1
atleast jise thand lagti ho use de diya karo :),1
"Hiii sir , aapse milne kaa sirf ek maaukaa chaahtaa hu.  ....",1
"... abhi aayega rukiye "" @mehrishisumati : Once upon a time there was a hashtag #RailBudget2015 """,1
@Ojasism bhai aajkal sab ke paas 4-4 car hai.. Ab to kisi series me Helicopter gift hoga tab maza aayega,1
Aaj Indrani ka kitne naye patiyo ka pata chala.. Koi update karega?,1
"@loveOKplease kuch nahi, ek tweet padh ke gussa aa gaya :/",1
cheapest nahi pucha. Best pucha hai.,1
YE DEKH LO DUNIYA WALO..https://twitter.com/Winkerbell_/status/661805356947927040 …,1
Aaj kal yeh hi bikta hai bhai!,1
Dhoni bhai ek din ball tod hi denge!,1
"Bhai kuch kal ke liye bhi chhod de..

RT @EconomicTimes #KejriwalTakesOath: I hope that India wins the World Cup",1
missing dat tym .  .  .  happy new year all .  .  .  .,1
i love my girl evelyn at work she switched shifts with me saturday:),1
"Hi Congress, today do we have Rajiv Gandhi Janma Diwas Sabko Daru Free Party Yojana?",1
sooo creative .  .  u guys r awsummm .  :),1
Bahot hi undaa!https://twitter.com/Madan_Chikna/status/654533563803660289 …,1
@Alllahdin Ye dekh! pic.twitter.com/mf0QwulkQe,1
@MirrorCracklin mujhe toh nahi aaya phone :'(,1
"Rahul Gandhi kuch bhi kar le, log use Pappu hi samjhenge.",1
Aj ya #windies larkia leke jaegi ya boys .. :) #WT20 #WIvENG #AusWvWIW #WT20Final,1
@Dipti1104 bahut bold hain aap,1
RT @ShraddhaKapoor : Cine stars ki khoj in #Atsu & #Zara ! #Haider #2ndOct @tanya1ghavri http://t.co/BznIyUfZ9d,1
"Chain ik pal nahi "" aur koi hal nahi "" #Jio ni ~ Other operators 0",1
how do y'all feel about moving presidents day to august ?  august lacks a three day weekend .  then make lincoln's b-day a day off too .  #boom,1
@SrBachchan sir aap badal gaye ho. Aajkal milte hi nahi ho. Kitna wait kiya aapka ghar ke bahar,1
"@akshaykanitkar @Ra_Bies @Oinkoo Sunil, tu aur main Janta mein jaa kar piyenge",1
"@tweetofdeb @twinitisha nahi liya hai, not worth it",1
aur free wifi bhi wahi hai. Lol,1
@AksharPathak jokeya .... accha kiya,1
guddu k papa toh emotional ho gye .  .  .  .,1
"@Vipul_tweets_ kya yaar, sarcasm nahi samajhte  @vivanair @Zahriano",1
"Tu hai meri kiran'

~Me, to sunshine",1
"""Mhari chhoriyan chhoron se kam hain ke?""https://twitter.com/timesofindia/status/813728641943293953 …",1
@BUnlimted Baby holiday Gabbar jaisi awesome movies akki hi kar sakta hai.. #WeLoveAkshay  @aamir_nation @akshay_airlift @aamir_khan,1
"RG : Mom mujhe budget budget khelna hai Mom : Beta , tumhare women empowerment khelneke din hai RG : yaay ! ringa ringa roses #RahulOnLeave",1
@kavitabika Aus ke kya layee mere liye,1
@chatpatidiary tum itne teekhe kyun hote ho mere saath? Kya kiya hai maine?,1
@Babu_Bhaiyaa @KyaUkhaadLega Sir hamara kya hoga hum bhii na haar jaaen kahi,1
.@SRKswarrior1 Dilwale ka trailer kab aa raha hai ?,1
Kaahe jaage ho be?,1
@huh_watnow chee chee gandi baatein,1
"#GuessTheSong
Bade dhoke hai iss raah mein",0
Aise aa rahi hai Bihaar me Bahaar #NitishKaAgentPratyayaAmrithttps://twitter.com/Bihar_ke_lala/status/660750933270245377 …,1
@Atheist_Krishna bahot hi uchh darje ka ghatiyapan tha yeh.,0
@iamkits haan Bhai aur hot bhi :-D,1
"iska koi connect nahi tha iske saath, magar achha line hai.
Main confused hu ke woh bhai desi hai ya videsi.",1
@MeetUunngLee nahi bhai mere tweets par log rote hai,1
"""Main aaj bhi pheki huee Ball nahin uthata"" ~ Umar Akmal 

#TwistedBollywoodDialogues",1
".@Arpita_joshi13 @e29ad41b95b341d sirf tumhare liye, chhodo ye sab hate. Aao pyar ki baatein karein DM par. Ok?",0
@theamarjeet Haan bhai Ayesha ke sab fan hai,1
"Journo: Laluji, aapne 11 bacche kyon paida kiye?
Lalu:  Kyonki uske baad hum thak gaye thay.",1
"""Aisa na hua hota agar aapne Modi ko PM na banaya hota"" - Shri Kejriwalhttps://twitter.com/nypost/status/718203194556432384 …",1
Kal kaam par tumhare abba jayenge? So jao.,1
@CelkonMobile #CelkonCheers4India Oye Balle Balle 1 aur Four http://t.co/dCvJmecLqr,1
Sab khana kha ke daru pee chale gaye..,1
mast hai.. aap bhi dekha karo.. daru ki zarurat nahi padti phir,1
@Ra_Bies Thodi si jo pee li hai.. chori to nahi ki hai..,1
kya sir? Achha tha bhai,1
"@DrDhimantPurohi ha ha ha, santa inka naam bhi note kar lein :)",1
@dwivedi_ji12 inn logo se ruka hua hai desh ka uddhar #FarziPatrakarRavishKumar,1
Sir me apka big big fan hu mujy apse call pe bt karni hai ek bar sir mera contact num 03356507139 Skype I.d abdul.rehman6731 plzzzz contact meabdul.rehman.sahabto,1
"@narendramodi @arunjaitley ""Sir #GST rate cut ka fayda Consumer ko nahi mil raha ""hai trader base price up karke usi price par bechta hai",1
"Entertainment sabko free ka hi chahiye hota hai, haaye ye zaalim duniya *wipes a tear*",1
"aaj ke latest xbox aur ps se zyada bhokal uss time  "" udne walla mario ""  ka hota tha",0
Aa gaya mauka ... India won .. #IndvsSA,1
@Champ_Nikk bilkul sahi..Bihar may achhe din toh aaney he they  #GoodByeNitishKumar,1
that's complete crap .  @someUSER began and sadat were all about peace .  bibi wants to use our military for free .  @someUSER &lt,1
#SamajwadiParty se #Gathbandhan to kar liya unhone ....,1
Jor se poetry lagi hai.,1
tu teen baar talak bol dena  @isaifpatel,1
"Jin logon ko FAN ke bina neend nahi aati woh movie zaroor dekhein, isse unhe neend aajayegi.",1
"Aaj naked,kal udhaar.

#MainBhiPunDit",0
@KajuBadamChor tu ja naha kar aa @TheVacuumHead @ShraddhaKapoor,1
kahin tu whi tom boy typ ladki to nhi jiske bare me kal ek ladke ne confession post kia tha  ?  ?  ?  ?  ?  ?  ?  ?  ?  ?  ?  ?  ?  ?  ?  ?  ?  ?  ?  lol,1
She wants to see my ration card..  Apne ghar se Bajrangi Bhaijaan ko bheja tha.. Bhool gayee  https://twitter.com/MehrTarar/status/633331132810043392 …,1
@The_Sleigher ANGREZO BHARAT CHHODO,1
@stfu_veer delete kar diya,1
""" #lol ... #Ireland ye to tumhaari batting ka #Pakistan ho gaya #CWC15 #INDvsIRE """,1
aansoo khushi kehttps://twitter.com/gauravyoo/status/801016899811282944 …,1
"Jalne walo jalte raho..
Modi ji aap aage badho..

#ModiInDubai",1
@Swt_Sadhana lets hope.. Mujhe to umeed kam hai @BJP4India @ANI_news,1
@BolshoyBooze :-O @White_Crimes aisa kiya tumne? Bhagwan se daro. Waise insta pe tumhare pics bahot zyada achhe hai :P,1
"@MaryaamShakeel Aaj to #kohli tum logo ko akele pela hai , socho zara jb 125 crore log pelenge tab kya hoga ..? #IndvsPak",1
@sayshardik phone mein network nahi mil raha yaar,1
"@oxymoronic_me mat karo pyar, kyun barbaad hona hai? </3",1
sir hamare ghar me white wash ho rhi thi .  isliye copy ghar pe reh gayi :-d,1
RT @Ssaniya25 : @WriterIntrovert,1
.@HarshJ12 apna kaam khud karo.,1
he's my dad but .  . hum unhe pura match kabhi nhi dekhne dete .  . it's a pretty big feat .  . lol,1
"Ankit LOL ne Arnab ko Modi ka kutta bola
. shaam ko maza http://aayega.lol ",1
Modi ji .....ye galat baat hai jo aapn 3 crore ka stage lagwa raha han ..... please think about it,1
@singhlicious twitter kam ho gaya hai :),1
RT @101santosh1 : @MUKESH42957410 @PandaJay PRABHU KEY GHAR MIE DER PR ANDHAER NAHI YEAH SATYA H,1
mujhe mil gaya haii.....,1
isiliye ab kejriwal ke samarthan me aa gaye .,1
miranda house ka bi page hona chahie ab to :-d :-p,1
@mishrashiv Mishra ji ise haathi bol kar haathi jaise achche jeevo ko gaaliya na de @nikhil__13 @Ra_Bies,1
@Singhlicious ye sach hai milord,1
@hitennarendra aajkal hum khud hi ghum rehte hai.. Ladki chhod ke chali gayee. Dil hi toot k reh gaya hai,1
@Barn_sparrow Aapko doubt hai.. Apna phone number dijiye.. Abhi doubt door kiye dete hai,1
hahaha very nice maine bhi kai bar kiya h .,1
RT @s_navroop : AC EMU MILI NA !!! @HeadlinesToday : Suresh Prabhu's #RailBudget2015 disappoints Shiv Sena as ' Maharashtra didn't get anythi,1
Yes Aero totally rocks,1
gantantra divas ke laddu wah bhai kya baat kya baat kya baat .  .  .,1
meri purani hai @integrated_me isse door rahiyo,1
Dil aur DMaag hamesha khule hone chahiye.,1
"@Atheist_Krishna aur agar aaj koi kuch bola to ""bura na mano holi hai"" @bhaiyyajispeaks",1
Ab @ArvindKejriwal apna Janlokpal ka vaada kab poora kar rahe hai ??,1
@CescyJose mere sapnon ki Rani kab aayegi tu?,1
"300, crore insha Allah",1
same here bassss 20 ki jageh 5 milte the maa se .  .   .   .  :),1
@Insane_chorri mein to Bhopal me hi kha raha,1
@GreySasquatch lol! Haar gaye?,1
"RT @KejriTrolls : Modi ji , aapne kisi aur ko exam likhne bheja hoga . Syllabus se kuch sawaal mein poonchu toh ans de paaoge aap ? Bolo bolo ..",1
"RT @fanthegame : Vo sirf STAR nahi hai , Duniya hai meri ! Watch trailer https://t.co/8iFTZvjYPe #KheloFansKhelo @FanTheFilm @yrf https://t.â€¦",1
"Subah cheez hi aisi hai, mujhe raat pasand hai",1
RT @bhavanakumari9 : Mujhe old man bahut pasand h,1
bhai guddu .  . kamaal kardi yr .  . apne bhai pe gya h tu bilkul .,1
"Aakaash : Oh Boy , Jason Roy ... Jason Roy : Aakaah ChupRe .. #ENGvNZ",1
"kuch garam ya thanda khane se agar daanton me tez jhanjhanahat ho ,  to use sensitivity kahte hain .  .  .  . ",1
RT @sudhirchaudhary : Good to see Manoj Kumar at the centrestage once agn ! The original Bharat Kumar who brought patriotism to IndianCinema h,1
Petrol prices hike kya koi bhi virodh karne wala nahi bacha @thewirehindi @PatrikaNews @ravishndtv #petrolPrice #GST,1
kya kre maa ka payar h pagle :p,1
procrastinating .i need to get ready for the 6th district chicago police rally against violence .chi-town cheer will be performing .king dr .,1
@huh_watnow kitni baar bhi bhejo kam hai @twinitisha,1
@Heerahee tu mahan hai,1
mom: why are you listening to plies early sunday morning ?me: *blank stare* *pause* my strip club name is mr .will-throw-it *walks away*,0
@MeetUunngLee bhai tu mil raha hai weekend. Thats it,1
@Aniket_bhau @SanikaRanade bahot hasi aarahi hai tujhe?,1
@RowdyTalks 2 in 1 hai,1
Aap bhi bohot handsome lag rahe the aur baachhi bhi bohot cute thi. Charming song. Mazza aa gayi thi. :) :) :),1
"Kejriwal: Time kya hua hai?
 Ashutosh: Sir 12:30 1/1
 Kejriwal: Kya bola, sahi se bol.
 Ashutosh: Ab ho gaye 12:31 1/2.",1
"@Dhavalkate soch., achhi baatein karni hi nahi chahiye",1
Lagta hai Modi ji ka jio wala pack khatam ho Gaya hai tabhi tweet nahi kar rahe #RightToPrivacy par @JhaSanjay @mukeshtiwariji @DwaipayanM,1
temple run --> an endless run for money gud one :),1
Relationship status: wo kya hota hai?,1
"Aur is baar jo proof maange "" chahe wo khi ka #CM hi q na ho "" seedha #Goli _ maar _ do _ unko _ V",1
@indiantweeter Jain ration gap ho jaega.,1
aj apne hum sbko bht hurt kiye salman...apse ye umid nhi thi hum sb ko :-(...bt m also luv u salman...:),1
Hitendra Katiyar Saharsha Keshkar Sanket Rathi Akhil Sharma Manish Chalana ... Bihari Bengali h kya ?,1
"tere liye maaf, tu jab bhi aaye aur milne ka mood ho toh bata dena. @akshaykanitkar @MePurplelicious",1
@KyaUkhaadLega bhigo ke maarte ho har baat pe,0
"#LiesMenTell Woh pareshaan karte rahe, hum kaam karte rahe - Kejru",1
Kabhi bharat k 1 karode #santramplji k anuyayeeyon k man ki bhi suno jo 681 din se nyaya mang rahe h #ProteinPledge #CriminalAAP #Trump,1
"Paisa kya hai, aaj hai kal nahi, parso hai - Baburao Ganpatrao Apte",1
faisal bhai ....itna waqt kyu lagate ho apne fans se mukhatib hone mein ..,1
"guddu tri series aur test series mein , kya lene gya tha ??",1
Trump banne ki koshish.. matlab ab yugpurush ji US Prez ka chunaav ladenge ?? God save America @angryoungwoman,1
"Khud ba khud radicalize ho gaya, bas baithe baithe",1
Kitthe reh gaye sallu ji 04:07 ho gye,1
@ExSecular aaj to mehenga wala maal mangwaya hai @OfficeOfRG ne,1
Hasee toh bhi nahi phasee. #UpcomingSequels,1
RT @ImVKohlisAngel : @RainaKiGudia Awwwww cutuuuuu .... Thankuuuu love ... Good night,1
Dhoni should remind Faf abt IPL !! Agar khelna hai toh out ho jaa !! Hussey z back in d team !!! #justsaying #IndiaVsSouthAfrica,1
@Sand_In_Deed sabko samaj me aaya hi nahi,1
@Pluuummm Matlab pi hai,1
@village_wale oye Shashi sabudana khichdi hai . See prooerly,1
iss @LoKarDi_RT se compliment? Sigh. Isne mujhe kabhi achha nahi bola hao,1
i think wearing weird clothes and chappals mean we are innocent.train us with your own risk :d,1
Tu odd pe Karan Johar ke saath aur even pe Bobby Darling ke saath soya karhttps://twitter.com/Atheist_Krishna/status/682871268610191361Â â€¦,0
bay area heads !i'll be on the piano at yoshi's san fran this sunday playing with the one n only dwight trible - http/URL,1
@sawlanis2 Gunda raj aur jungle raj dono samapti ki or hai..Bus dekhte jao #BJPAheadMGBDead,1
@zoomphatak iss baar thoda zyada easy ho gaya,1
Phir bhi paap nahi dhulenge tere Kaju https://twitter.com/KajuBadamChor/status/756433421576970240Â â€¦,1
"Kejri Yogendra se pareshan.
 Modi Yogi se pareshan.
 Musalman Yoga se pareshan.",1
"Fan: Jai Shree Ram
 Anupam Kher: Jai Shree Ram
 Fan: Om Jai Jagdish
 Anupam Kher: y u do dis to me :(",1
@Atheist_Krishna ye saare paise rakh le aur meri suhaagraat pe national anthem mat bajanapic.twitter.com/Pg46hCOq4l,1
@supaarwoman Chhod na.. Itni si baat ke liye kisi ki naukari mat cheen @ishaan21,1
@Ibleed_sarcasm angrez chale gaye.. Inke chhod gaye @RichaMaddyBon @Prachiekins,1
@ashutosh83B pyaar bech ke faayda kamate ho.. Dilli ki janta kabhi maaf nahi karegi,1
"@someUSER c'mon guys fix this please ,i dont want this to end up how diablo iii did .......: . (",1
"Haha, awaaz zyada badi aati hai. Na?",1
@lady_gabbar paisa bolta hai,1
#ModiKaBudget #Budget2015 #Indianbudget #SuperBudget 5 ultra major power projects http://t.co/4Qg5JfmqYN,1
Chacha jaan ye biwi hai keema paav nahi.pic.twitter.com/KTTMl4kZaS,1
Phir toh Swiss bank me kitna Paisa Hai wo bhi #RightToPrivacy hoga ?,1
Happy Mahashivratri folks :) .. Har Har Bole .. Om Namah Shivay,1
nothing equivalent to moms .,1
@Rialisticme ek bechare ladke ki khushi nahi dekhi jaati tumse?,1
ladka gaming mai khoya hua hai....,1
PIB_India #UHF RT airnewsalerts : RT MIB_India FAQs on #RailBudget2015 - Procedure of approval of Rail Budget by Pa http://t.co/aU6k1nt9VG,1
@tweettabulous yaar man ki hi toh baat ki thi! LOL,1
"Isse lag raha hai main ladki hu. 
 Aise DM's aate hai mujhe.pic.twitter.com/qIEfUNmtwL",1
@DefucktiveHumor abhi itna darr Gaye hai ke rally Rok rahe hai..Par kya fayda ? #NitishKaChehraDiveshSehra,1
Bhai koi iske tweet copy karo.. Ye khud ke tweet copy kiye jaa raha hai.. Koi RT bhi nahi karta pic.twitter.com/sUyah8zReK,1
@akshaykanitkar nahi bhai Gujarat@BabaBakChod,1
@FarhanKVirk sharjeel Motey kaddu ms talent bhi nahi hai,0
"When Sagarika was born doctor said ""Mubarak ho aur Shubhkamnayen bhi""",1
"Kis Kisko Pyaar Karoon - Official Trailer - Kapil Sharma , Arbaaz Khan , Eli Avram & Manjari Phadnis http://t.co/XDhFJyi8jQ",1
Are beimano #SurgicalStrike pe tumhi log Pakistan ki tarah evidence mang rahe thena ??? Tumhara Fake Emotion sab Hindustani jan chuke he ab !,0
bb will be huge blockbuster. aap jiyo hajaro saal.,1
"Tum chahte ho mujh par police case ho jaaye <\3 
 :'(",1
@itsmanimozhian mar ja bhai,0
nikon has once again proven it's a small world after all with the latest...- herald sun http/URL,1
#ZarooratHai ab saare duniya se #TRUMP k khilaaf awaaz uthe,1
"@bhaiyyajispeaks Kya baat hai, maine bhi koshish ki this Shraddha Kapoor ki photo banane ke liye magar Jadoo jaise ban gayi kuch.",1
@kachra_peti haan ok.. Mere ghar ke paas me hai @HathwalaThakur,1
@DrShobha Maam mausam achcha hai.. To socha ghoomne jaane se pehle pooch lu@BDUTT @ChouhanShivraj,1
@someUSER @someUSER nooooooooo !!!!!!maybe you can just look over it right before the test tomorrow and do that first,1
@Ojasism bhai so ja,1
@vikrantkumar ye baat to hai.,1
Rahul Gandhi is rich man's Tejaswi Yadav.,1
@toastingtoaster Bhai ne driver ko fasa diya,1
shaan is like ..question kahin mujh par na aajaye :p,1
RT @helloanand : Brilliant answer by Dhoni when a media guy asked about his retirement - https://t.co/irgS0ieIex,1
"Okay, done! Usko bhi make up lagana, ok?",1
@barkhasbutt @ashutosh83B Delhi aakar bigad gayi hai,1
"Shoaib Akhtar to @SrBachchan , sir aap jawani mai cricket khele hai , to aap bowler the ya batsman @msarosh #IndvsPak",1
@LEDtvn adhi duniya ko to dikha chuki ho,1
"Tum mujhe varghani do, main tumhe paavti dunga.",1
this is fake news shame on you media usa how much given you money blady media.......,0
usse dikkat nahi.. dikkat dikhawa ka hai,1
RT @The_Bapu7 : Virat Kohli Warming Up ! Whoaaaaaa Pehli Baar Accha Lag Raha Hai Use Dekhke Ã°Å¸Ëœâ€ºÃ°Å¸Ëœâ€šÃ°Å¸Ëœâ€š,1
4 baj gaye.....par party aabhi Baaki he....sallu bhai,1
"Kya tumne kabhi kisi ko DP ke liye follow kiya?
 Kiyaaa
 Aur usne tumhe disappoint kiya?
 Kiyaaa..
 Mujhe bhi kiya",1
@PoojaMissra pure Bihar ke tukde kar diye hai nitish ne#FailedCMNitish,1
@twinitisha maine to nahi lagayee,1
@friendlii_ghost okay sir. hamare bhi din aayenge,1
Kal bhi paani nahi aaya tha waise! #Budget2016https://twitter.com/ArvindKejriwal/status/704247260461150208Â â€¦,1
@SharyAhmad19 . Fazool batein kr rahi hai Ã°Å¸ËœÂ¡,0
"@HiighBeta
 Chal ghoomne mere saath.. In my car..
 Tera pyaar pyaar pyaar hukka baar @Insane_chorri",1
@Shockraborty Mummy aap hamesha mujhe hi daant lagati ho :( beta tum ghar ke bade ho na,1
@dan1shmemon bhai theek se padh kya likha hai plz,1
#saynotocorruption #timetochange say no to dummies jinke pass khud ka dimaag nahi dusro k kahne par chalte hai #MakeInIndia,1
true !! joke haiÃ°Å¸Ëœâ€šÃ°Å¸Ëœâ€šÃ°Å¸Ëœâ€š accha maazak hai @rajabetasharad https://t.co/F6RCbgnkBm,1
@iamsonisinghal dhaniye ki chatni me namak kam reh gaya,1
bhai angreji batao na kuch.. kuch samaj ni aa raha,1
"""Na bhai na, aise thodi hota hai, ye aate time bhi chinaal window seat pe baitha tha"" #AUSvPAKpic.twitter.com/PpTsXLrl1b",0
"When Sagarika was born doctor said ""Mubarak ho aur Shubhkamnayen bhi""",1
""" chuthiya munh khol ke 20 rupay mang liye ...""oh i love this line .",0
mujhe bhi peeni hai </3 @sinezero,1
Sab anti national hai saale.,0
Khawaja Mere Khawaja chal wapas chale jaa #IndvsAus,0
@KutchaRaasta gaalib khayaal achcha hai,1
"sona nahi hai tumko? 
 Subah uthna hai na jaldi? Sleep",1
@kamaalrkhan sir ye tweet unko bhej do. Itni Hi-Fi English padh ke wo waise hi suicide kar lega.,0
Kya lifetime like hi karogi ? Kabhi RT nahi karogi ?,1
"""Bhaiya Goal ki taraf le lo""
 
 Autoguy: ""Us taraf nahi jayega""pic.twitter.com/S8MqgLf25i",1
.@ashutosh83B to phir rishta pakka samjhen?,1
RT @ruchikokcha : @Atheist_Krishna Isiliye ( sadly ) I am perhaps the only woman jisey Kohli ko khelta dekh bhai wali feeling aati hai .,1
tu such mein pagal ho gai hai......jo ho gya so ho gya babu....ek achhi and happy life start kar....,0
Gangaa ka dheeraj tu Himalay ka seena hai .. Sone chaandi se bhi keemti .. tera ye paseena hai ! Come back Maahiyaa #Dhoni,1
"Thank God they didn't end up with ""Dekhna na bhooliye Ae Dil Hai Mushkil apni nasdeeki cinema gharon mein. #MadeByGoogle",1
jab tak dhoni hai atleast main to chipka rahunga ..:),1
"ye @AapGhumaKeLeLo aur @AndColorPockeT alag level hai bhai, wahan nahi pahonch sakta koi! @Alllahdin",1
Tumhare chashme ka number hai kya?,1
Isko bhav mat de.. ye nahi dene wali,1
@ek_samosa_dena kaam par daaru mat piya kar!,1
@kkundra lol ladki mil gyi .. Martina here you go girl .. hahha shit #Roadies,0
"""Aaj mein bohot khush hu.. pehli baar sau ka note dikhaya bhaijaan ne.. ""
 
 #TweetLikeAPakistani",1
"TERA PEECHA NA MAIN CHHODINGA SONIYE, BHEJ DE CHAHE JAIL MEIN PYAR KE ISS KHEL MEIN *shakes head like Dev Anand*",1
@jaikesarinandan jai shri Ram,1
"A small farmer in Mahoba "" #UttarPradesh : matar 6 rs kilo bech raha hun #notebandi ke kaaran ! Ab chunaav me batayenge inko 0",1
Aaj kal Jitne Bhi teaser trailer #Youtube pr Record tod rhe hai Sb #Jio ki meharbaani hai,1
"@Tweepshikha meri achhai ka toh fayda utha rahe ho tum, mazaak udaa kar harami.",0
Mujhe @Olacabs ne nahi bataya! Ye sarasar na insaafi hai Chikna bhai,1
@KyaUkhaadLega hahaha. Khana khaney ke liye Plato ka bandobast bhi kar lena.,1
"@friendlii_ghost haha, sab karte hai",1
main scooter ke aage khadi hoti thi ... to papa samne dekh nhi pate the .. hehehe,1
hey bhagwan ...yeh movies bachcho ka satyanash kar rahi hain ..:-o :o,1
@Lambar_Daar haha bhai subah se idhar udhar ho raha hu @MAKKARROMA,1
RT @coolfunnytshirt : Maine daant tod dena hai Arnab ke agar aur kisi ka resignation maanga toh !!! http://t.co/OuPkhWLllf,1
"@friendlii_ghost kuch nahi bhai, sab emo chep rahe hai",1
@akshaykanitkar HAHAHA. yaar kya karu. Hasne wali baat bhi hai,1
"@KyaUkhaadLega Main Arvind Kejriwal HU, plz phone uthaiyega",1
@samy3010 yeh galat iljham hai saala,0
maam is wrong in rejecting guddu ... acting me to chhora ghana tez hai,1
"Dhoka nahi, Dhokla khao.",1
@badrirag @ArvindKejriwal Tere ko kyun jal rahi hai agar koi apne PM ki degree demand kar raha hai ?,1
@razonater @QararaRasha Sindh is not a property of Pakistan . The philosophy is that aap apna Sindh kahin bhi abaad kar sakte hen .,1
Mall me saari ladkiyan achchi lagti hai #GuyFacts,0
"har cheez ka galat matlab nikal kar ye, galat shalat smmileys bhejti hai. Bahar se sanskaari andar se dhuandhari.",1
"#GuessTheSong
 Tu jo dariya mein utre saara paani gulaabi",1
it is one of the best gigs of grbg bin i hv evr encontrd .... smply owsm .....,1
great ak sir .. aap zindabad ..we have to first ensure on evm machines because these people are filthy,1
it's wednesday !!you know what that means ....new episodes of the challenge: battle of the seasons &amp,1
@huh_watnow darling tumhara kuch ni ho sakta,1
"bhai aap bhul gye kya hume social science kisne padhai h , unhone dekha to pitaayi ho jayegi .:(",1
@shubhansh1504 jab koi bahana nahi hota to bolte hai 'server down hai',1
Diwali Shopping wahan se karo jahan kisi gareeb ki Diwali achi hojaye #Diwali #deepavali,1
Bajrangi bhaijaan mein koi aisa scene jo yadgaar ho????,1
@Anoushey_a pak out ho chuka hai aus r kiwi se jeetna namomkin,1
"haha, nahi dekha yaar. Hai link?",1
@vikaspgoel @c_aashish RT ki mohmaaya main na padein. Validation ke liye do ache shabd hi kaafi hain.,1
logo ko ullu banane wale ko solid reply laude .,0
"""Tumhara Pritam Pyaare aagaya ho toh hum sone chale jaaye?""",1
@scratchysingh main ek nek aur shareef bachha hu,1
"@himanshujainon @DrGarekar @ashvasant are bhai uski biwi ne mana kia tha . He is innocent otherwise like # kanhaiya , poor student of #JNU",1
Shukriya Bhaijaaaaan... Mere bday pe aj tak mila huva Sabse pyara tohfa.... Bajrangi Bhaijaaaaan....,1
@Dishasatra LOL @PJ_CRACKER @ROFLaaLa Lala mujhe bhi apni behen bana le please,1
"Desh ka yuva jaag chuka hai, yuvika ka kya?",1
0 @BDUTT Mam kaafi frustration me lag rahi hain #TripleTalaq judgement ke baad ! Yahi mauka hain inko koi link bhejo re Blue whale game ki! chooth,0
@i_am_nat_war abla naari ki help kar,1
Election commission ko bhi @BJP4India par najar rakhni chahiye. Gujarat Haath se jaata Dekh ab #GST yaad aa gaya inhe bhaichod,0
"Bahot hi galat huwa ya, shraddhanjali arpit karte hai :'(",1
RT @SRKswarrior1 : Arre yaar Dhoni 59 ball mein out hogaya Akkian - accha hua ! 59 ball mein 29 run banaayeAgar 106 ball khelta to sirf 16-Ã¢â‚¬Â¦,1
@indiantweeter wahi hota hai jo manzoor-e-khuda hota hai.,0
@iamGunjanGrunge MaPoSe murder maaf kar sakta hai.. Drunk driving nahi,1
@Tweepshikha toh mujhe laga tumhari bhi shakal hogi usmein kahin :-/,1
my story ws totally opposite ... maa mana karti thi n papa paise dete thhe ... alwez ... :),1
@rynkee Kaho naa pyaar hai,1
@69fubar Aye Aye captain,1
"@Alllahdin sab samajta hu main, pyar mein kabhi kabhi aisa ho jata hai",1
Itne to bhai wallet me chillar lekar chalte haihttps://twitter.com/firstpost/status/603429262750691329Â â€¦,1
"@peachypiscean tumhare aashwasan Kejriwal jaise hote hai, hamesha disappointing </3 :'(",1
RT @khanakram421 : She : Bhaiyya mujhe Chandi colour ka dress chahiyeShopkeeper : Accha to tumhe Silver kameez chahiye ?,1
jo jaisa dusro k sath krta h uske sath aisa hi hota h ..he cheated dada ...,1
"Modi ne #Notebandi toh kar di "" par hamaare jaise #foreveralone engineers ke liye bandi kab dhund dega 0 Kya yahi hai acche din?",1
Bhai kya bol raha hai https://twitter.com/iNeelSoni/status/654200935128895488Â â€¦,1
"Subah se na koi favorite mila hai, na mila hai aadha mention.",1
agar woldcup jitna h na to ..sehwag aur yuvi ko bulale team me,1
@BDUTT @AmanKayamHai Grow up Bharkha ... It's too much now . Bharat mai kahi shaktiman hai joo aaj bhi problem mai hai ... Whaha Jaa kar aao,1
@balliawalebaba hahaha.. Ab aaye ho to kuch kaam bhi karlo,1
@DefucktiveHumor pakistan jane ke liye bhi visa chahiye kya? Paagal mat ban,0
"Daadhi badhao gandi shakal chupao.
 #JaagoGrahak",1
Sonia Gandhi ko pata nahi tha ki 90% dimag ka vikas 5 saal tak ho jaata hai.,1
@anjanasukhani Mandal Aabhari _/\_,1
#GST is The new Duckworth Lewis method. Jo Aaj Tak Kisi ko samjh nhi aaya,1
@vakeel_saheba Porn mat dekha karo zyada,0
@GhantaGuy 9 ghante se auto main hai?,1
"#TripleTalaq sirji aap ne to sab chura liya. triple ""talaq ram ""mandir ""vikas appeasement opposition ko kucchh chhodo",1
"sir, can't wait fr #Bajrangi_bhaijaan <3",1
@tweeting_pal ab bata bhi de kiska.. raat bhar sochte rahenge @Insane_chorri @HathwalaThakur @MeetUunngLee,1
Toh chaabi kisne lagayi? Aur khoyi kisne?,1
man prasann ho gaya dekh kar .,1
"Ghu mein pair rakhoge toh dhona padega, pyaar mein padoge toh rona padega. #Irshaad",1
"G1 to G2: Tera mera pyar amar.
 Amar: Mujhe tum dono pasand ho.",1
"He cries and cries and cries becoz u wnt let him do it ? Did you say you were seeing a \ "" guy\ "" ? ;)",1
@Vyomnaut ohh.. Ye to andar ki baat hai.. Tumhe kaha se pata lagi ?,1
Sabke saamne naak toh katwa hi deti hai biwiyahttps://twitter.com/anjanabhartia/status/887558772826152960Â â€¦,1
superr se uperrrrr (y) missng home,1
matlab 28 or 29 me se kis din aana hai..,1
kya baat hai !!guddu phir se dher sare gags banane laga ....:),1
shubham teotia ..iske number final me judenge ..lol :),1
kutte Chalo ab koi sting operation karke kisi sarkar ko nanga nahi kar sakti ... maare jaoge #RightToPrivacy,0
@justicearnab mujhe to ab se gaaliya padne lagi hai :/,1
ATM me cash aane ka ?https://twitter.com/CopyWalaTweet/status/803470605039255552Â â€¦,1
@Beingakashss thanks bhai Tere Tweet Ka Wait Tha Mujhe,1
"Yahan se ek suwar phenk kar maarenge, saara radicalism uttar jayega.https://twitter.com/defencepk/status/867363923770523649Â â€¦",1
Ye sab padhne se pehle meri aankhein kyun nahi phoot gayihttps://twitter.com/meDigitalGanesh/status/868125471636164610Â â€¦,1
kitne zor se diltoota hai tumhara?,1
Aap reply karenge....?,1
"#RailBudget2015 #PrabhuKiRail "" Prabhu der aaye par durust aaye "" This budget is a revolution in Modern Indian Railways .",1
@hindiplz @insane_chorri Allahabad se yaad aaya hum Allahpur/Alopibagh mein poora ek saal rahe the :),1
@HITKPKD #LalHITMovies Mujse bachne ke liye tumhe moon jaana padega... aur suna hai wo bahut loon place hai,1
30 din se continuously swimming pool ja raha hoon. Aur in ladkiyon ne ek bhi din chhutti nahi ki. Kal se band karna padega.,1
Bhaijaan kaha he aap?,1
"I'm also against arrest of Tanmay Bhat, kaan pakad ke utthak-baithak karwa kar chhod dena chahiye.",0
Kuttey ki to kismat haihttps://twitter.com/iKunaal/status/699562516662214657Â â€¦,1
"""Mein Kaun Banega Crorepati se Amitabh Bachchan bol raha hu..""
 
 SBI Employee: Ab to bank band hone ka time ho gaya. Kal phone karna..",1
@akshaykanitkar Bajate Raho !! @witchybitchygal,1
#WorldNoTobaccoDay issi baat par ek cigarette sulgao.,1
"""Bhaiya ek Malai chicken kofta lana"" #DrunkDialogue",1
@Jamuntini Oh ho. Aaj Ghaib.,1
@Gauribee naa gori naa,1
only kejriwal ... baki sab bakwass,0
Chota bachcha samajh ke humko na aankh dikhaana re.. - Arya Stark @AndColorPockeT,1
@lack_a_daisy @Being_Humor bhai minus one point tujhe,1
"From ""azaadi hi meri Dulhan hai"" to ""Mera toh kaam hi mera valentine hai""",1
@MeetUunngLee sab networks aise hi hai bhai,1
its Ch 97 99:34 tune galat bola.. ab to tu gaya @friendlii_ghost,1
.@sonakshisinha ladkdi ne dimaag wali baat kahi haipic.twitter.com/czDwKdvDaS,1
Bharat mata ki jaihttp://markmanson.net/a-dust-over-indiaÂ â€¦,1
chota bheem new movie kab aayegi sir? can't wait,1
@Lala_The_Don abb Bihar mein achha waqt shuru banda #GoodByeNitishKumar,0
@KyaUkhaadLega @zoomphatak kyu bhai? Kya sawaal puchna hai?,1
haan zindagi hamari kaat rahi hai.,1
Kal Modi ji Dubai se 4.5 lakh crore le kar aaye.. Aaj Bihar ko 1.25 de diya.. Ab bache 3.25 lakh crore,1
"Jis team ke paas aise top 4 ho, use baki ke 7 players bonus me kyu diye jaate hain! #RCBvDD",1
@kaalia_bhatt kuch dikh nahi raha,1
@GavriE01 hum gaandu yahan mazak karne aaye hain kya,0
Relationship Status: Ummeed par boner kaayam hai.,0
Bas karo @awk_doc ji.. Aankhon me aansu aa gaye,1
@Riskiest_Poison KABHI KABHI FRUSTRATE HO JATA HU,1
@Fabled_Me aise badnam mat kar @runjhunmehrotra,1
@huh_watnow koi bhi bhej do color screen wala,1
bhai aapki ye movie chhappar far dega,1
Mere paapa tumhare mummy ko aisa pyar se bulaate hai. https://twitter.com/e29ad41b95b341d/status/697799527986655234Â â€¦,0
"Uber chahiye? 2 minute main a jayegi. 
 
 Haan chahiye 
 
 Khud bula lo app khol ke lol",1
@iamGunjanGrunge hum sab mile hue hai aur tum hile hue ho @witchybitchygal,1
Kanoon ne apna kaam kiya tabhi to teri terrorist beti ko maara.https://twitter.com/ANI_news/status/607822591085051904Â â€¦,0
"when i teach a basketball in my own school ,we're gonna spend the 1st day watching larry bird videos ,&amp; the rest will take care of itself .",1
@nawab_lucknow daya aati hai inki condition pe mujhe..Pathetic#NitishKaNakliVikas,1
@ImranKhanPTI #trump Ki bat kar raha hy or yah minister ho kr JIT ka rona ro raha hy,1
"@ttrinadasgupta Aaila, bahar kyu nahi",1
"Hum khud sure nahi hai ""toh Kautilya ke baarein main kya kahe #GST #IndiaToday #TheHinduExplains",1
"@Arunapk57 @JustLikeMikee bilkul, magar baaki 90% logon ke liye nahi :-P",1
Lag rha hai aaj Rahul Gandhi Zimbabwe ka Support kr rhe the . #WhereIsRahulGandhi #WhereIsRahul,1
"@narendramodi ji ab bhot hogya "" ham aapki har baat maan rhe h aap bhi hamari ek baat manlo "" ab bullet ki jagah bullet hi khilao 0 #MannKiBaat",1
@_fragrantica_ sarhadei'n insaano ke liye hain .. Socho tumne aur maine .. Kya paaya insaan hoke ..,1
"""Waah kya hashtag hai"" #GoonsOfNitishKumarpic.twitter.com/PrGQJpnyFC",1
@Khushi_Ranbir But ' Khushi ' zaroor use karna gaandu ...... accha sound karta hai :-),0
cc @OfficeOfRG sir ladki kashmiri bramhin hai.. ek teer do shikaarhttps://twitter.com/NotMits/status/756488849027657729Â â€¦,1
@insane_chorri Adeeba... ye tune kya kiya.. @narendramodi,1
"""Mein tumhare pyaar me Gadkari ji ke garden ki sabjiya kha sakta hu""#SanghiEmo",1
"@SarcaismAayegi Bihar mein bahaar
 #BadliyeSarkarBadliyeBihar",1
@WatDaDuck_ bhai jab se wo chhod ke gayee hai.. Tab se daru chhad hi nahi rahi,0
RT @ayooshgupta : @SanjayAzadSln @AamAadmiParty HAHAHA ..... ODD_EVEN NE TO JANTA KI HI LELI .. & SWARAJ BHI ACCHA MILA DILLI VALO KAO ...,1
HAPPY MAHASHIVRATRI <3 JAI BHOLENATH <3<3 JAI MAA PARVATI <3 http://t.co/xMhhsKrpBV #Hindus #Hinduism http://t.co/iNe3qJVdtL,1
Watching again #PCkumar at @abpnewstv @dibang Aaj bhi superhit hai #PCkumar,1
@imcomplicated__ tum itne durr ho phir bhi dil ke paas ho.,1
@Sharanyashettyy Bura lagta hai jab Mecca Madina/Vatican se compare hota hai.. Kab tak tent house me rahenge Ram Lalla ?? AAKHIR KABTAK ??,0
cartoonist ne google se nikala hai prestige ka meaning(google prestige meaning and see for yourself),1
"Once again .. tum mujhe wo add wali ladki ka number do "" mujhe shaq@hai wo bhi #jio use kar rhi",1
Iski bhi philum aa ri kya ?https://twitter.com/minimathur/status/801025520070774785 …,1
"Gori teri aankhein kahein, raat bhar peeti rahi",0
@Atheist_Krishna hehee.. Bhai kidding.. Mast lag raha hai,1
"@Atheist_Krishna maine mere phone camera se nikala hai ye pic, Rajasthan :)",1
Qayamat Se Qayamat Tak me Aamir Khan aur Juhi Chawla ko pyaar hua tha.. Kya hua ?? Maare gaye na dono..pic.twitter.com/6KRmETQ74L,1
@jnsbmi Modi ko gaali diye bina Nitish ji ka khana kaise hazam hoga unka #GoodByeNitishKumar,1
"@SwaggerBanno mere zakhmon par namkeen hona hi tha toh hothon se laga lete, waise bhi chakna kam pad raha hai. #Irshaad",1
@CoupSteer 3 saal ka anter accha swasth maa majbut baccha,1
Salman you r being human love you bby..... mujhe tumara pyar chiya or kuch nhi... love you??????,1
@sanjaymanjrekar bhai 25 jagah bol chuke ho same baat gaandu,0
Damaad ki bhi izzat nahi ki. Intolerance is rising. #IndvsPak,1
@Alllahdin Aashirwad banaye rakhe _/\_,1
@Gurmeetramrahim Good morning pitaji . Dhan Dhan Satguru Tera hi Aasra Need #BlessingsOfMSG,1
"@narendramodi #TripleTalaq ke ""baad ""sir ab dahej ke against kuch kade kanoon ""banaiye pls address this problem.",1
Koi fayda hai inko ye sab dikhane se????,1
Modi ji hamara hindustan ka naam saada ucha rakhna.jai bharat mata jai hind..,1
@Footloose_Free @jasmiine_01 Sachin ke bina yeh world cup adhoora hai ! :| #missYouSachin,1
Ab Kaun Karega Anhoni Ko Honi ? @msdhoni #dhoni #retirement #cricket,1
"@Gauribee aaja aaja ab kaisaa sharmaana, dheere dheere se dil ko churana",1
Deja Vu hai. Mark idhar thaa... Pichle saal bhi.,1
@BolshoyBooze Sir ek plate kajal pakode dena.,1
film ka story mast he aur aap bhi mast ho............,1
Bhai... Aap ki original voice nhi hai..,1
Share karo market mein naya aaya hai pic.twitter.com/MCDOsNu3Sr,1
@LosingMotion Sabke saath chali jao.. bas hamare hi saath mat jaan philum dekhne @AnushkaSharma,1
"@vinaylohia82 @SonyTV Aaj Hoga #Karn Ka Aagaman 
#SuryaPutraKarn 
Adbudh Show from #SonyTV
#KarnRisesTonight",1
@MePurplelicious aur ek majnoo ghayal :p,1
kaun bole parents ko nahi hai interest unke bete gaandu mein :d :d toh bekar mein kyun dekho usse,0
"@tweeting_pal matlab koi kuch bhi nikal sakta hai, maine toh woh bilkul nahi kaha",1
bhagwan aisi girlfriend sabi ko de  .  .  par start mujhse kare :p,1
@sk00monu Don No. 1 to best hai :P wo aa rahi hoti to baat hi kya thi,1
ye aaiyena gadha naaa wala character you will find in every school and college  .  har cheej me hoshiyari deta hai ye character :@ :@ :p,0
Bhai tu odd day pe Facebook kiya kar aur even par LinkedIn https://twitter.com/Atheist_Krishna/status/682869864243974144 …,1
"gaali dena kam kar diya hai maine yahan, warna ek badi wali zaroor deta, mauka bhi hai aur dastoor bhi, chutiye bhare hai",0
"Nice work brother , Hum sab me Gabbar hai !! ;) https://t.co/k2uvDXr0JJ",1
Hi @bomanirani sir Apne kaha tha remind kradana Autograph send karna hai so please send kardo .,1
ohohoohooo.. is level pe aane ke liye gandu is saal ke end tak rukna hoga mujhe :P,0
@ek_samosa_dena Tu theek hai na? Rulayega kya?,1
@LoKarloUnfollow karara jawaab milega.. karara jawaab milega..,1
@IScreamPunday @SritikaDhar naahi,1
@Nirmalogy kaisa hai bhai,1
Woh sab theek hai magar tu kahan hai?,1
@Nomnombiar Aisay Thorina hota hai,1
ye ek baar hi bolo kafi hai  @isaifpatel,0
Sbi exited h k pakistan harega ... aree ye koi nai baat h kya ... #IndvsPak,1
"@IdrisGandhi @ravishndtv @ndtv @BJP4India @RSSorg i think tjey forgot to show song of Roja movie "" Bharat Hamko Jan se Pyara hai """,1
.@JhaSanjay chup ho jaa....pic.twitter.com/Jhf4egi9uo,1
RT @2806anu : @puspraj Challenge : Isse bura likh ke bataao gandhuu,0
"So if you think relationships are just about spending money .,.,.. i am glad you don't have any Girlfriend .,., :P",1
Apne career ke Shikhar Dhawan par !!,1
ek baar toh guddu ko bhi chalaney detey .  .  ya idhar bhi pair nahi pahunch rahe ?  :p,1
"Raj Thackeray: Pay Rs.5 crores

Karan Johar:  Kabhi ye humse ladta hai kabhi jhagadta hai, koi paas iske na aana, ye ladka hai deewana.",1
where r uu...bhaiii ...plzz one rplyy mustt onlyy onee:-(,1
Yaar surname badal kar Choonawala rakh le.https://twitter.com/tehseenp/status/894906260943810560 …,1
Salman bhai jai ho. Blessings to bajrangi bhaijann. ....,1
@vakeel_saheba saraab nahi peeta main raviwar ko,1
"IshQ waLa || ~ ^ÅÃ¸VÄ›^ ~ || â€” listening to Ishq Wala Love ( From "" Student of the Year "" ) The DJ Suketu Lounge Mix",1
"My ExRoomie & whenever Ifuckk him on phone now . I remember "" Raj , naam to suna hi hoga "" ( Yes https://t.co/xsQZqk8xDk https://t.co/R0lTcnQXKd",0
@GaurangBhardwa1  zinda hu yaar kaafi hai badirchand,0
"Hamare paas fruits khareedne ki haisiyat hai, Zomato se khana order karte hai hum Rs.400 ki, delivery boy ko Rs.20.
Ye main gareeb ko de du",1
chicago: go see @someUSER #lovesgotaholdonme #sat october 27th 7p at the #haroldwashingonculcntr 47th &amp,1
Believe na ho to wikipedia me Awards section padh le #ConfusionKaEnd #SRKDonates1crToChennai #ISupportDelhiOddEven https://t.co/eegdts4Kf8,1
"Hi, I am a writer.
Hafte bhar se ghar par paani nahi aaya hai, aur dadaji ka jhola lekar ghum raha hu, koi vada paav khila do.",1
@Singhlicious bas sab khairiyat :-),1
@Fuljhadii kya mazzaak karte ho,1
"Misbah to Butler: Kuch acha sa khila do yaar, haar gaye! :(
Shoaib Akhter: Tu Rehem Kha, Rehem. Usi ke layak hai #AUSvPAK",1
@PennyPurewal kaun hai badirchand?,0
@twinitisha shahrukh ki movies kabhi achi hoti hai?,1
Saadar pranaam. Su Prabhat!,1
boondi k ladoo vala din :p,1
dollar gains on euro amid greek woes: new york - the euro sagged against the dollar on thursday as the revised g .  .  .  http/URL,1
"Ladki gori honi chahiye chahe ladke ki shakal koyle jaisi ho. 
Assholes.",0
today: sefton v @someUSER home 12noon - including president's day,1
@aliaa08 @zmilap gandi ladki. Abhi to tum 18 ki bhi nahi hui thik se !,0
#IndvsPak Lagatar 6 #WC se TV todte aa rahe h hahahaha ....,1
@RoflGandhi_ Saralta mein sachai,1
Bhai tu marathi hai.. tu jaake chuthiya sairat dekh,0
4 baje meri college mein class hai bhai jaaan :(,1
@sonisinghall lag raha* hai,1
"let the good times roll !  tomorrow is mardis gras at st .  philip's ,  with the bob deangelis dixieland band and gumbo lunch .  join us at 10:30 ! ",1
"""Hum Laye Hain Toofan Se Kashti Nikal Ke"" - Modi
""Hum to wapas toofan me le jaenge"" - Shatru
#BiharKaJaichandShatrughan",1
thanx salman bhai..love u forever,1
guddu india ka lucky charm hai :d,1
#341 : Best part of the placement orientation was that hot Matki Chick . Really wanna hook up with her . Suggest a way .,0
inhe kaho hindi hi theek hai .  .  aise to guddu ki english aur bigad jayegi :d,1
"Aankhon hi aankhon mein ishaara hogaya,badirchand baithe baithe FIR ka sahara hogaya?",0
@jhunjhunwala Main be-Car nahi hoon aise hi mat Thoko kuch bhi @indiantweeter,1
@sunny_congress #are waah !! ..... dharti maa ka yaad ... supperb tu sawa sher h,1
Apake upar bharosa hai.. ..bhai! Aap koi galat kam nahi kar sakte.. .. !,1
@owl_baba Bhai wo i6 hoga  @kitAnurag,1
wagh bakri chai is though. Add with chaayos Adrak Tulsi. Good taste.,1
Koi accha contest b nahi jab free hote,1
"@PushprajZala NO, SOCH SAMJH KE KIYA KAR. KABHI VOTE NAHI KIYA ELECTION ME?",1
"@LoKarDi_RT LOL! bura laga? Sorry ok? 
But table aur chair ki fikrr karni chahiye, adkki mil jaaye toh kaam aayega!",0
ha ha nain aisa kuch nahin hai :),1
"@gappistanradio Meanwhile Faridabadi , ah ! Daily ka routine h , aaj jogging karte hue jaunga .",1
@Sharanyashettyy kuch bhi chalega chooth @sunandavashisht @ask0704,0
damn .  i thought i was the onlu one who did this :),1
#surgicalstrikes Duniyan ne loha mana hai .. gadaro aur deshdrohio ki tolly me hahakar hai . Aur dusman muh chipa kar dar se saham gaya hai .,1
"Mujhe paid tweet karne hai, badirchand shaadi ke paise ikatthe karne hai.",0
aww my daddy is best too  .  .  i love my paa  .  .  :),1
RT @usha_khokhar : Pakistan ke liye Venue Change hua Menu nahi .. Mili haar hi #IndvsPak,1
"NaMo-mere paas sarkar hai , pin stripe suit hai , india ke development ke plans hai . Tere paas kya hai ? RaGa : mere paas holiday hai #WhereIsRahul",1
"playing @someUSER all day to prep for tomorrow's concert at fort canning .  go ,  baby ,  go go ! ",1
@itsdhruvism bhai aapne be j jan,1
"Chalo koi na hota hai, ladkon ko aise aage ruka kar mat rakhna. Ok?",1
@vikrantkumar yahi hota hai :),1
guddu ek mahine baad aa rha hai .  . world cup ke liye kuch nahi kiya .  .  .  .  .  . nalayak .  .  .,1
@AnubhaShukla7 wo to malyali hai :),1
@Insane_chorri bas maja ma. Khushi ke aansu aa rahe hai,1
@anuradha_kush Nakaam mohabbat ki aag main jal rahi mahila aur yeh aashiq number 2,0
"Friday night hai, beer piyo apne aansoo nahi.",0
choot ko kejri se compare karke choot ko gaali na de @Shishir_Singh76,0
319 Run To Bante Dikh Nai Rahe The ..,1
hey bajrangbali bas aaj ek reply mil jaye..,1
Koun kahta hai modi ji kam nahi kar rahe 4 mahine mein hi #Trump ka replica bana diya .... #YogiAdityanath,1
harry redknapp 2nd favourite at 7/4 to be next blackburn boss !  !  venkys please make this happen !  !  !  !  #makeredknapparover,1
ab to tu aajkal pata nahi kaha gayab rehta hai @A_PerfectBlend,1
"Suna hai @BolshoyBooze ki shaadi hone wali hai.
Kitne Dil tootenge?",1
Salman ji apka favorite gAna konsa hai bajrangi bhaijan film ka?????,1
ye ketu  badirchand aur Rajdeep Rahu ? @sagarikaghose,0
ambuja cement se chipka do guduu ko .  .,1
"Dil mein apne Monday ka darr lekar jaage ho, toh zinda ho tum.",1
@Fussy_Ca abe 3000 chudwaya me lee hai maine,0
@Atheist_Krishna eet ka jawaab pathar sepic.twitter.com/Zktq0SzqmO,1
"RT @MehakTweets_ : Gets up . Voice from the lounge "" Aur dekho aik aur supporter jaag gyi hai "" ðŸ™„ðŸ™„ðŸ™„ðŸ™„",1
jb pehle hi pta hai ki ye tingu lofer hai .  . :d,1
Baby ko sirf nalayak haramkhor ladke hi pasand hai.,1
yea .. i can not disagree with the confession ..... and yes ... i was among the exceptions ..,1
bhai iftaar farty hai kya?,1
@Chaitanya_13 ludo. Kahan hai aajkal?,1
"lol, ye kya hai?!",1
Acha sila diya tune mere pyaar kahttps://twitter.com/anandvasu/status/846617515295830022 …,1
"@iamEvilPrince @ShraddhaKapoor @FitbitIN ayye Chupp tu, bhabhi hai teri",0
ye sonia ji ki bahu hai @autumnrainwish,1
"""AAP jaisa koi mere zindagi mein aaye toh jhand ho jaaye"" - Delhi Chaps",1
lekin chalk laya kaha se ?,1
To ye tere chacha ne kiya hai ?,0
garbage .  .  yaar tussi har bar dil jeet lete ho kasam se  .  .  kya mast reality har bar saamne late ho .  .  .  apni saari harkate yaad aa jati hai :p :d,0
JUG soona soona laage - Sonam Kapoor,1
"Silent Message for all of you guys ,,,,,,,,, Hahhahaha AAP MLA Akhilesh Tripathi #Intolerance @AAPMagic @aapkipreeti https://t.co/hivfuI3I2n",1
"RT @ShivAroor : Anyone care ? The 3 Army jawans ambushed , killed by NSCN terrorists in Arunachal Pradesh today : Sanjiv Kumar Parmal Singh Guj",0
@narendramodi dekh raha hoon aajkal aap bhi #ManmohanSingh mode pe chale gaye hain 0,0
Police peecha kar rahi mera.. pic.twitter.com/RZVL9FUV03,1
"@JrYoungmonk Kuch na kar ek din, bohot bura hoga aaj :P",1
kisi ne bhi sweter kyu nahi pahna h itni chudwaya sardi me ?  ?  :o,0
@intrinsiclutter Not joking sach much taras aata hai,1
.@MehrTarar bhabhi India me aapke saare dewar aapko yaad kar rahe hai..,1
@friendlii_ghost kab .. Bataya bhi nahi,1
@gajender00 Lalu aur nitish dono ek hi sikke k 2 pahelu #NitishKaNakliVikas,1
"Ghaseet ghaseet kar leke jao sab harmi saale ko Snapchat par, waise bhi Twitter zyada hi bhar gaya hai.",0
@MeetUunngLee hurt you? Nahin bhai aap stud hai,1
"Bahot zor se food blogger banna hai, khaane peene ke vaande hai.",1
yaar itna dhaansoo humor kaha se late ho  .  .  .  .  .,1
@riksec08 #CrackerNACrackKAR bolne wale ki baat mat sun,1
o .  .  .  bc .  .  .  .  bhai purani saari yadein taaza karr di rofl !  !,1
Iss Kanhaiya ko apni bansuri par control nahi haihttps://twitter.com/NewsX/status/707893915085443073 …,1
asli power dil me hoti hai  @friendlii_ghost,1
ab south africa me bhi shop ke bhar #bika_hua_wapis_nhi_hoge ka board ltga hai .... #IndvsSA shabash shero ..........!! make us proud .....,1
lol. ab nahi aayega jawaab @TheTopiWriter @AdvancedMaushi,1
To bhai SRK ka target audience India hai ya UAE.. Agli film Dubai me release hogi to tu kaise dekhege.. saalo ko itna bhi pata nahi.. mar jaao tum sab https://twitter.com/SRKswarrior1/status/678074882379423744 …,0
Aur #RahulGandhi ji ne apni hi Party @INCIndia aur apne pariwar k itne saalon k is mehnat par ek aur #SelfGoal kar diya ...,1
#trump must be so envious of #kejriwal .. Sochta hoga aisa kya karta Hai ye aam aadmi ki mujhse jyada trend ho raha hai,1
"@YearOfRat batao aap, kahan milna hai? @Alllahdin @retardedwriter",0
@Prachiekins Ye duniya pittal di,1
i totaly agree with the post  .  .  teachers have no right to spoil students carrer now  .  .  .  .,1
@rahulroushan Dosti bani rahe,1
Sena se #SurgicalStrike ke proof maangne wale pakistan premi #ArvindKejriwal deshdrohi hain . twitter . com / xX 7 W 3 kC 0 Tu,1
"Superb again!! Line mat kaato kutton, aap saand Qatar mein Hai.https://twitter.com/hankypanty/status/895235287579865088 …",0
@clued_up_chic zindagi abhi baaki hai mere ghost,0
"RT @aryaraju : As per Rajmala , the royal chronology of Tripura , a total of 184 kings ruled over the state . #7SistersOfIndia #History",1
endymion for the 4th time i blieve .  !  ahaha #teamorjan #clhrday,1
guddu ab  .  .  .  young ho raha h  .  .,1
"Ghar main Agarbatti din main do baar use hoti hai. Pooja important hai but bekar ka ""Pooja ""Archana Sadhana bakwas etc nahi. #GSTCouncil #GST",0
@Mohit_JNU @Shehla_Rashid @UmarKhalidJNU @kanhaiyajnusu aur tum log maza le rahe hai 0 Student #JNU ka protest kar rahe #AMU 0 wah wah wah,0
"Tu apni state mein ""rape violence rok. Haryana ki durdasha kar di hai. Film bada issue nhi hai murkh. Bada Deshbhakti ka tekhedar bna hai.",0
@jalanpurvi @StarMoviesIndia i wish ke aap aur main ye contest jeete,1
"Yaha ₹5 se lekar ₹500, sab chalte hain. Chhutte ki tension mat karo, bus Paytm karo.pic.twitter.com/1iaRdjOeoi",1
"baap bda na , bhiya ,  ,  sbse bda rupaiya h aj k liye .  .  .  .  .  . ",1
"@Being_Humor ye tujhe bechne ka plan kar raha hai bewakoof insaan, heera bolkar @indiantweeter",0
@narendramodi Sir Jee Himmat Agar Itna He Hai to #Reservation Hatayiye... #Demonetization aur #GST to Koi Bhi Kar Sakta Hai..,1
"Kareena: Kaun hai woh jisne mujhe dobara palat kar nahi dekha?
Sony TV: Anoop Soni",1
.@brownbrumby jaa bhai gadhede sawari dhoond..  @BinaKaheLunga,0
excited about the bump in ram for raspberry pi .  such a nice surprise for a monday .  : ),1
Trai ko kya problem Hai jab koi free de Raha Hai #jio #airtel,1
Dil dhak dhak karne laga.. mora jiyara darne laga.. https://twitter.com/Coolestvibe/status/780083496656117760/photo/1pic.twitter.com/CSwEaTINjQ ,1
@manish239994 AC bahut chalta hai,1
"paise dene ki baat hi nahi rahi, bas khana khila do (in lines to my original tweet) :-)",1
"@iamsrk @Varun_dvn @kritisanon Shah ka ek comment aur media walle peeche bhaage , waise hee mere manwa mai emotions jaage ;)",1
arey bhai pm ho  .  . desh ko ullu mat banao !,0
@akshaykanitkar @RoflGandhi_ ye to prasad bhi leke aaya hoga,1
@HiighBeta aaj vrat rakha hai ?,1
@NeetuGarg6 @ArjunIrplast @RitaG74 @YouTube crores Logon mein ye chand saans lete haanfnewale netaon ne poore pradesh ki saanse kaise rok di,1
@SRKswarrior1 maine jaaneman bdekhi thi Don nahi,1
Agar aur ek meeting ho gayi toh recession bhi sabse pehle aa jaega. #GST,1
accha hua packet pe chips likh diya varna pata hi nhi chalta kya kha raha h udbilau .  .,1
@Gurmeetramrahim #GratitudeToAllMothers Amazing video pita ji Love u lot,1
@SharmaJaungi @SlapSkirt isko khana nahi hota hai.,1
RT @Iam_Prerna : Ye nalayak out bhi honge aur gaaliyan bhi khayenge #IndvsPak,0
So @muglikar_ ko economist banana tha isliye modiji ne desh ko gareeb banaya. Ab samza #DeMonetisation aur #GST ka game.,1
hamare college me laddu k jgh pedha diye .  .  .,1
"@YearOfRat best part hai woh, likhna sach mein bhi ulta hi chahta hai woh dikh jayega, tweets mein zyada badlaav nahi honge.",1
RT @shankarshanmugh : 2 - with Kenny bates action producer and Nirav shah DOP at Nehru stadium Delhi . https://t.co/9wTHvU9SLm,1
@KajuBadamChor Galli galli mein phirta hai tu kyun ban ke banjaara????,1
Haatim Tai ka beta lag raha haihttps://twitter.com/firstpost/status/775576636766973952 …,1
Haye hamari #RightToPrivacy kahana gayi @Nidhi @ndtv #RightToPrivacyVerdict,1
Ye mera gaon hai aur main is gaon  ka Singham #Ranchipic.twitter.com/Au5l2xMcV9,1
"See the level of people doing phd , i dnt know wat shit they will teach to students ?",0
Janta ne es jeet se dekha diya ha #GST #Demonetisation safal ha. Opposition ne bht koshish ki par asafal rhe. Ab Gujrat aur Himachal bhi aase he jeetenge,1
@Shahrcasm mujhe kyu tag kiya hai @abpnewstv,1
@GabbbarSingh shaadi main jyada kuch aaya nahi. Car bhi maruti di hai.,1
Dus bahaane kar ke bharwa di bill.,1
@Sanjoyjpr Thank you sir...umeed karta hun meri wajah se aapko koi dost nahin ganwana padega,1
Mujhe bhi koi book me jagah de do.https://twitter.com/ANI_news/status/627686121086955520 …,1
@neha_rathore64 Bajrangi Bhaijaan kitni baar dekhi ?,1
yeh bhi theek kahan hai tumne mohtarma!,1
@kaalia_bhatt Saale mere kandhe pe rakh kar bandook mat chalao,0
Yeh sab #Trump ki wajah se ho raha hai 0 #INDvsAUS,1
"Ek dooni do, do dooni char
Kar do #LaluMuktBihar
#MDL",1
mere pass ye 2013 wala bhi hai https://twitter.com/BolshoyBooze/status/310644632805576705 …,1
"#GoodAdviceIn4Words ""Chaar log kya kahenge"" - Indians",1
@imVkohli @sachin_rt kohli hai bhai kohli hai bura na mano holi hai . Virat bhai congrats for winning again against Pak . bharat mata ki jai,1
@sonakshisinha bhai @indiantweeter ab tu naye naye account bana ke sona ko pareshan karega !!!,1
kamaal karte ho Salman ji aayeh bhi nahi..,1
"@Marut_ kyonko agar ye 100% bolenge to log sochenge ki ye jhooth bol rahe hain, isliye 99.99 lol",1
iske bina to jeewan adhura tha .  .  .,1
@HaramiParindey Hahaha.. kaafi Ojas hogaya tha,1
"Tumhara pyar na huwa Vodafone 4G huwa, saala kabhi milta hi nahi.",0
@vivekisms acche din aa gaye  @dhaval241086,1
agar ne is class me hoti to kissi b boy ko top na karnr deti .  .  .  isme b toper me hi hoti .  .  .  .  :d,1
@dhaval241086 Ye AAPtards ki harkat hai !! @wistyloony @witchybitchygal @SatanKiNani,1
"@ashkaikini yaar, please yaar Ashwini. Chal daaru peete hai paagal",0
"@Oinkoo New York! Achcha achcha, maine socha America se liya hoga",1
@budha_monk Yes man but apna gujaara nahi hai is chalaak dunia mein,1
Usne bola aapne maan liya . Kapil sharma ne proof diya aapko aur chaiye .. Army ne #surgicalstrike ki apko saboot chaiye . U need break,1
@DrKumarVishwas @indiaaakash Aaj ki duniya koi imandar nahi hai . Jo khud kahta hai wo sabse bad a chor hai .,1
"Koi bhi colony mein ghusna ho toh saale puchte hai kahan jaoge? Tell them a random number, B-25 ya G-305, ye jaane denge andar",0
No change in team hum to batting hi karege ... Are ye anushka kidhar hai .. #IndvsSA,1
Bhaiyoooo apnay apnay kaam kerlo ... history won't be changed ....,1
.@angryoungwoman shakahari hone ke liye vichaaro ko bhi shakahaari kare.. Aur haan kal Yoga zaroor kare..,1
@arunjaitley service tax badha diya sir ?? Chalo jaise aap chaho !!!,1
Yeh Dhoni KL Rahul ko century nahi banane dega.,1
@lady_naarad ohh mujhe laga aapki ho chuki hai,1
grt step 4grt relation...nic job sir,1
@_SandSurfer @ghost_particle ab tak untag nahi kiya!,1
Ab Bihar me aayegi bahaar #GoodByeNitishKumar,1
RT @shindekar : Shikher well played 100 not out .. gabbar abhi thokho ... #IndvsSA,1
"Ab kya batayein, bhediyon par vishwas kiya ja raha hai, vishwasghaaat toh hoga.",1
"@someUSER hell yea lmfaoo  ,  &amp; see you tomorrow asia baby (;",0
@witchybitchygal Par aap aati ho to bahar aa jati hai Twitter pe :) @HathwalaThakur,1
"Mora piya muh se bolat nahi.

Toh kahan se bolat hai?",1
"main bahut chhota aadmi hoon, meri koi aukat nahi hai. degree bhi hum fake hi use karte hain.",1
@witchybitchygal aami tumake bhaalo bashi @iamGunjanGrunge,1
kaha pe karinge baigan,1
salman bhai ...... i lovee uuu tumharee liyeee jan bvi dee dengeee,1
Aaj haarne wale hai :(,1
@AskThePankazzzz jo kahna tha so kahna tha,1
"Dhoni's captaincy was shit today. Jahan bhi maarte hai wahan fielders nahi hote, boundary chali jati hai.",0
@BUnlimted isi darr se khaya nahi maine,1
chalk lane me kitni mehnat lgti h guddu se sikho yar  .  .  .  .  .  .  . bda hard working boy h,1
@Singhlicious Ram Ram Singha. Kahan the aap?,1
monkey cap bhul gaye kya  ?,1
@_Agathist jiska koi nahi uska khuda hai,1
Waheeda Rehman is so cute in Ram Aur Shyam(1967) ! ðŸ˜,1
tujhe wo incident nahi pata urbansanyasi wala?,1
@undercoverpro @JayHind 26 MARCH को ऑन एयर हुआ था,1
"@mariam_tahir5 light nahi he ab bus aona name change kr k "" ROSHAN "" rakh leta hn .",1
@NumbYaar haha. Mere mind me kuch aur hota hai likhta kuch aur hu,1
@Nirmalogy daya pata lagao.. Kuch to gadbad hai @DeShobhaa,1
@someUSER you won't be getting candy till monday .  i am (by my own stupidity) a sick person right meow .   . -,1
Bhai week bada hi happening raha .. #bevkufBaba #Dokhlam #PVSindhu .. though ham log hi bs thande pade rahe ..,1
Helmet aagaya hai bahar. Africa ki hogi ab haar! #IndvsSA,1
saare teacher kuch zyaada hi masti karte hain .  .  .  .  :-p,1
"@DuttYogi @TheRahulMehra @ZeeNewsSports Salman ne kai baar kanoon toda hai , sharab peekar logo ki hatya ki hai , #SalmanForRio ??",1
@MeetUunngLee sahi me bhai,1
Bakwaas polls ke saath yahin hota haihttps://twitter.com/LoKarDi_RT/status/675739738712641536 …,0
@amit_043 Haha thanks ab jyada change ka scope bhi nahi hai,1
@Chaitanya_13 kuch bhi! LOL,1
ab se cricket se sanyaas for few years .  .,1
"Shahid Afridi se dar nahi lagta saab, Umesh Yadav se lagta hai.",1
Sherni hai toh jungle mein jaaye yaar.https://twitter.com/ANI_news/status/728497653093412864\xa0…,1
"When I was 1 year old My parents took me to watch Sanam Bewafa , this was my first film in cinema hall ( Kuch bhi ... https://t.co/MVd1qcKwRp",1
"Ye hai India ka tyohaar !!\n\nRT @Atheist_Krishna Ek taraf Preity Zinta ka pyaar, dusri taraf Sachin ka pyaar......!!\n\n#MIvsKXIP",1
"itte dino baad  "" launcher ""  paaji dikhe :d :p",1
@GaurangBhardwa1 paise ke bhakt ho tum,1
aap fenk ne mai powerful ki baat kar rahe ho kya ? result to yahi dikhata hai ! #sukmaattack #Trump #handmaidstale #ModiCheatsHimachal,1
" #IBleedGreen inshaALLAH aaj hamaray fast bowlers kamal kar dikhayengay
",1
@BUnlimted Bolo Siyavar Ramchandra ki Jai..,1
"Tuje badi jalan ho rahi #Trump se "" aja main or tu ek photu khichwate ... Ethasik hogi "" #Monalisa k baad ...",1
@BolshoyBooze :'( Tu toh mat bol aise. Yahan ek nahi patti hai.,1
.@BhuvanRajora jo joote polish karne diye the won kab lautayega? @Being_Humor,1
Hii bhaii.. Aap kese ho..?? Agar aap.mera cmmnt padh rhe ho toh plz ek reply kar dena,1
"amazon: extra strength hair nutrient tablets ,  60-tablets (packaging may vary) by viviscal 649 days in the top 1 .  .  .  http/UR",1
kejriwal the most currupted person in indian politics .  .  . is baar modi sarkar .,1
q3 0:54 .  eli manning pass intended for victor cruz intercepted by danny mccray at the dallas 35 returned for no gain .  1st &amp,1
"Aaj Haldi-Ram ki hai, parso saghai. Tu aayega?",1
"@BolshoyBooze bhai, theek hai tu?",1
"@TheJungleBook is awesome ! Better to watch in Hindi esp to listen to Nana Patekar as Shere Khan "" again "" ! Irrfan and Om Puri were too good !",1
@indiantweeter yahan teri prashansa horahi hai bakwas na kar yaar :( @jhunjhunwala,0
@LoKarDi_RT tumhe chhodkar? Na baba na,1
@AnantGJ zarurat se zyada RTs mil gaye,1
@Mrophiophagus hahaha ..... anyone wud love to sponser you . Ek patak tweet gari herana,1
@Vyomnaut sab ek hi jaisi lagti hain ab to. Jaye to kaha jaye.,1
"Yesterday: Talaq Talaq Talaq
Abhi: Qubool hai, Qubool hai, Qubool Hai?https://twitter.com/TimesNow/status/851721123452526592 …",1
"""Arey galti ho gayi. Agli baar tere se puch kar karunga. Ab kya bhai se baat bhi nahi karega""pic.twitter.com/LtPrhOWPZb",1
bachpan ka flash back kara dete ho :(,1
Yunki party k liye to hum ready hain par kya karen nahi aa sakte kyonki invitation sirf bhaiyo aur behno k liye hai.........,1
@indiantweeter sirf @narendramodi ji ki photo? Tu kahan hai?,1
ha ha hai :),1
@Alllahdin @YearOfRat LOL. Yahan aakar phir hair growth hui hai,1
Aur agar apke support karne ka tarika yahi hai to aap to #JNU ko bhi support karte honge 0 #JNU #JNUSU,1
"@premlata_rai @retardedwriter tujhe sab pata hai, hai na?",1
Saturday raat ka jashn racha jaaye.,1
"effat university wins the 1st  "" p&amp;g's university challenge ""  at the procter and gamble's university competition .  http/URL",1
Waise to @ArvindKejriwal Sirf Sonia/Sisodia/Sanjay Ki hi sunte h par is bar @chetan_bhagat Ki sun li aur #AugustaWestland p muh kholdiya wah,1
Sorry we are not for sale :D,1
mere liye toh papa ne stepny ke pichey special seat lagwayi thi :(,1
4pm baje karenge . direct baat mere saath . this is what bogg bosss siad rightly,1
Av tk advocates ko smajh nhi aya #GST kya h? aur @narendramodi ji bol rhe h ki #behtar n #saral #GST,1
"Bas tumne bol diya toh ye zaroor saare sununga, achha hi hoga :)",1
@Barn_sparrow samaj nahi aaya,1
fact of the day,1
@Rishi_Muni Kolkata main kaam aise hi hota hai,1
# 4 baje ge aaaj party abhi baki.wow,1
@QandeelQuebee ... Qandeel Baloch tum pareshan mat ho .. mat ho tum pareshan mei keh raha hune na tum shahid afridi ke leye pareshan mat ho,1
@balliawalebaba haha.. Thanks bhai,1
@vivx galat smiley ho gaya,1
"ye raeesi hai khandani, peele peele oh more jaani",1
MITRON.. Taj Mahal se mera puraana naata hai.. Mein apne grahako ko sirf Taj Mahal chai pilaata tha..https://twitter.com/ANI_news/status/800274552144019456 …,1
@slimswamy Acha bhabhi ji ne baal color karwa liye ka?,1
"haha darr lagta hai aajkal kuch bhi type karne se pehle, kaunse kone se outrage aayegi pata nahi. Banaate hai plan!",1
Are u a maal ? I mean girl ?,0
@AshwinPaddy ye aapke writer ka reply tha.unhone accept kiya kiya hai aur kaha tha ki hata lenge pic.twitter.com/aaHctooqAS,1
Happy bday 'mera photo dikhao.. Nahi ye achcha nahi hai.. Delete..' @Vyangkaar bhai,1
Omm Namah Shivay . Maha Dipa @ Lingaraj Temple #Bhubaneswar #MahaShivratri http://t.co/rKZ9ZhOs7G,1
Kejriwal : hum us runout ki CBI jaanch karwaengey ! #IndvsPak #BleedBlue,1
aaj to jitna hai .,1
"@FaaduTweets American English bro, har roz kisi na kisi ko bolna padta hai @twinitisha",1
Modi ji aap aage bado hum tumhare shath he..,1
"@me_meethi haan toh, aajkal aise hi achhe tweets karne se RT nahi milti. Zamaana badal gaya hai",1
"Waise bhi bhai tu ghar se parade ke liye nikalta..phir u-turn le leta..

RT @timesofindia: Why no invite for R-Day parade, Kejriwal wonders",1
ab mai wait kar raha hu ki wo chota sa farmer ( vadra ) kab sucide karega :/,0
"Amit ""Shahji Haryana mein Suraksha ki taraf Dhyan dijiye. Rape ke case bahut badh gaye hain. Party ki image kharab ho rahi hai",1
@Insane_chorri seedhe andar aao raja ??,1
"#RightToPrivacy ? Matlab ab aadhar mere mobile "" bank ac "" PAN se delink kar doon ?",1
@Ares_c3108 lag toh aise hi raha hai,1
@Alllahdin @retardedwriter @ruchikokcha @ttrinadasgupta dil cheez kya hai aap kabhi whiskey peejiye,1
Zameer naam ki koi cheez toh hai hi nahin. Poora gandh inhone hi badhaya hua hai.,1
"aa delhi, khilata hu",1
@adrashyababa chalta hai dost,1
i still remember  .  .  . during sharjah matches .  .  .  . the scene was use to be the same :) sachin jab tak khel ra hai hilnaa mat,1
RT @mukeshk23791931 : @S1dharthM kapoor and sons achachi film hai .. ek baar or dekhunga,1
mast h yaar  .  .   .  .  i always wait for you next episode,1
"RT @MyLifeRCM : Abhi to trailer release huva hai , asli picture abhi baaki hai :) https://t.co/A0GBD5j907",1
@Alllahdin Ye Drishti aur Shrishti ke handles bata,1
haan ek pe ek daaru bahot achhi cheez hai. Happy Hours!,1
"@AskThePankazzzz ""Bhagwan ke bharose mat baithiye, kya pata bhagwan hamare bharose baitha ho."" Faith doesn't, Manjhi moves mountains.",1
bandh kab huwa tha?,1
@FanSidharth Muje dekhne ke liye time nhi milta hai re . Kya karu bata biddu tu bata ? Office me kaam bhi hai bole to,1
"@Lala_The_Don Na news aur na logic bas bana diya hai Khabaron ka Bazaar.

#FarziPatrakarRavishKumar",1
@KyaUkhaadLega arre 14th thi na ghar wapasi? Koi na call karta hu shaam mein baat karte hai,1
"@SonOfChoudhary chahiye शिक्षा और रोजगार।

 #BadliyeSarkarBadliyeBihar",1
@Varun_dvn aur haath kaisa hai bhai. Jyada bhar mat uthana. Parineeti ke sath koi movie to nahi kar rahe na,1
@Babu_Bhaiyaa @ShivSharma400 Bhai party to banti hai,1
@jiteshpillaai kasle shabd vaaparta tumhi. Deva.,1
the great noel gallagher is about to hit the stage in st .  paul .  plenty of room here so we're 4th row center .  plenty of room .  pretty fired up,1
@Lathiwalebaba Hahaha haan bhai,1
Babaji @balliawalebaba ko janamdin ki subhkamanayee.. Khush raho.. Aabaad raho.. Dilli raho ya Farukkhabad raho,1
there can be delay in god's home but no ignorance,1
Khushi ke maare phula na sama raha huhttps://twitter.com/ekThaDesigner/status/723370033255084032 …,1
"""Kya kaha.. Tum achche din bhi banate ho.. 2 lakh ka order le lo.. par unpe Made In India likhna..""pic.twitter.com/aktAI92J7r",1
hahaha .  .  .  acting tere bass ki baat nhi !  !,1
hoti hai galati bhai. magar bawa bawa hai,1
Bhart ne toss jita h Match b jitengeee #IndvsPak @balliawalebaba,1
guddu bhai vo jo 26 january ko laddu miltey they uska kuch banao kabhi .  .  . vo telwaley moti bundi ke laddu .  .  . taste ab tak nahi bhoolta :)),1
Jis thali me khaya usi me ched kiya #बॉयकाट_पाकिस्तान_वालेpic.twitter.com/atrPx647GC,1
yanha kaunsi train khali chalti hai .,1
"plz search google name of mukhtar abbas naqwi wife and his father in law name ,  sahnawaz husain wife also aankh khul jayegi .  .  . ",1
RT indiaforums : #MahaShivratri Celebration In Hum Hai Naa HumHainNaa_Sony SonyTV _kanwardhillon http://t.co/DYA66CbxtK,1
#RahulGandhi ji #namonitish ne corruption ke against jake dhoka diya ya aapne corruption ke sath rahkar janta ko 0 #BiharWithTejashwi,1
"@anubhashukla7 yes,  apna number aane wala hai :)",1
@blithesoul_ abhi 5 option nahi hai na. Ab koi aur aayega Hardy Sandhu ko puchne ko,1
khade hone ki seat nahi .  . khade hone ki jagha mil jaaye .  . shabdawali sudhaaro .  .  .  .,1
"Jabse #gst aaya ""hai sabne restaurant mei khana shuru kr diya Kyu ""behn ghar pe dal roti bhi nahi pakti tujhse ?",1
:'( itni khushiyan mujhe bahot saalon baad mili hai Piyus bhai. ILU :-*,1
"RT @RaghuveeSayyam : @ramniwasb83 @shuklapinku @invincible_vss @annijoseph77 _Namashkar Sir Ramniwas ji + All _Sir bahut Intezar ke baad "" Aaâ€¦",1
friday- to jack in the box then party at her house .  saturday- go to the park and live up the yolo life xd .  sunday- watch movies c:,1
Jo log apni thwacha ' ke kaaran #holi nahi kahelte unhe koi bata do ki beauty sirf skin deep hi hoti hai .,1
Jitna dimag Modi haters GST k joke banane mei laga rahe hain isse kam mei to GST hi samajh aa jata. #GSTForNewIndia #GSTForCommonMan #GST,1
@ChickenBiryanii ab yahi chaar hai bhai,1
@S1dRajput @SaakshiSRawat mere aansu to sookh gaye ab,1
Bhaisaab @BUnlimted thand se nijaat paate huepic.twitter.com/RrbJMy80Hu,1
"tum aage badho, hum tumhare saath hai",1
@twinitisha chhod majak kar raha tha :),1
@BeingReva matlab aap Bhopal se cross hue aur mile bhi nahi >.<,1
Maan gaye bhai @badechote,1
teri meri ek hi kahani bhai.,1
@PriyancaBajaj achcha idea diya.. Abhi phone karke bolta hu,1
i want tickets to the thursday game heat vs knicks (game 3) hmm .  .  .,1
bt ladkyian wahan humesa hi fail krti hain us school main .  .  .,1
@someUSER so u sat down with sophia grace and rosie to tea and it was awesome !  :d,1
"@Ra_Bies Sab achhe hote hai. :-/
Serious nahi hote",1
ye pm jhoontha hai .  .  .  kisi angle se honrable nahin hai .  .  .,1
"@amoghranadive @VivianDivine @NaezyTheBaA ek number bhai. 
Tere shooteron ka khaas mere gully mein",1
Bhai ye #GST ke bare m kisi ko kuch idea hai kya??,1
@Roflindian Hum dono hi Maalyamaal hai.,1
"@YearOfRat haha, inke gaane by God by heart ho jaate hai. Woh bhi Gujarati wale",1
@balliawalebaba Meine to Amazon se le liya.. Address Rana Ayyub ka daal diya,1
@ROFLaaLa @BeerOholic chalo plan karte hai,1
"@prajesh9465 dekho anushka g ke paas phone nahi hai, ek nayi dila do @LoKarDi_RT @bizzarebhide",1
@MhaAgyaani ye sly @Madan_Chikna bhai k liye nahi tha,1
#police ke wireless #satelite #phone se mil rahi hai #gharbhar ki #gopniya jankaari .. #RightToPrivacy,1
auzaar pe nishaan lagwaega kya?,1
@twinitisha bhoolega dil jis din tumhe..,1
"@Singhlicious :D
Woh bhi kya din the!",1
@join2manish Reminds me of ' Rang de tu mohe gerua :-) ',1
Dis is how we noh sum ppl are illiterate here . D ignorant ones . Jinhe samajh kuch nahi aata bas bolna aata hai . â¬‡ï¸ https://t.co/34NhOdKDJc,1
"Ek match to jeetne do firangiyon ko.
Insaniyat naam ki cheez nahi hai tum logon ke paas?
#INDvENG",1
RT @kchowdhury9 : #boycottraees ye movie ab nehi lana,1
@YearOfRat shaadi ka laddoo sir.. Jo khaye wo bhi pachtaaye aur jo na khaye wo bhi,1
Dhoni ne toss jita or batting li .....,1
"Saabun ki shakal mein, beta tu to nikla kewal jhaag.https://twitter.com/ibnlive/status/707513527699767296 …",1
@AndColorPockeT Aajkal to utne bhi nahi lagte..,1
"Pakistani girl :- ""Mujhe ghar drop kar doge?"" 
Pakistani Cricketer :- ""Drop karna toh meri khaasiyat hai"" #AUSvPAK",1
"Mecca Medina ki story batao inhe koi, aagaye doosron par unglee uthaane.https://twitter.com/imDrMunaf/status/885708431927123968 …",1
Sirf Sushma Swaraj kaam kar rahi hai. #Respect,1
@drpratikjain Joke nahi samjhay? Human ho kya? @Ra_Bies,1
Rahane me meri Test wali tweet padh li.. LOL senti ho gaya.. Achcha hai,1
@ishquirrel_ fatte doodh ko kapde se chaan lo .. Phir jo bachega wo paneer hai,1
@jdshastri26 hahaha uske baad to kuchh bachta hi nahi hai.,1
"after 9pm , we have another party to attend buddy .. ;)",1
"Haan bhai Sarita, itne possessive kyu horahe ho Sarita ko lekar?",1
.@JhaSanjay bhai aaj ke din bhi gaali sunega ?,1
"@kitAnurag Haha, tere liye toh almost everyday ki baat hogi. Mere saath kabhi kabhi hota hai.",1
RT @LFC Acche Din Aanewale Hain,1
@TheSepticHermit nautannki bandh karo! :-*,1
Yahan 100 Vada Paav khaane ke vaande hai. :(,1
Bhai jaan . aa bhi jao ..,1
"Ayurvedic jadibootiyon se bana sampoorna swadeshi, Vicco Vajradanti",1
mujhe aaj v yaad hai wo din jis din mene pora contra parr kar diya tha .  .  :d,1
Salman..bhai ..aap dekh rahe ho kya kitne fans aapki wait kar rahe hai..just Hello to kehdo Sabko,1
RT @BeingSalmanKhan : RAEESSSSSSS ah raha hai . Filhaal teaser dekho aur enjoy karo behaad,1
@Prachi_licious ugachh kaahi pan?,1
"""Daaru pee ke gaadi mat chalana new year pe..""pic.twitter.com/HdZnEcnZn5",1
hey mere bhaggu .  .  yeh to pol khul gayii aaj,0
contra mein double player khelte waqt jab kisi ki chaal khatm ho jati thi toh c ka button dabakr saath wale ki chaal utarne ka maza hi kuchh aur hua karta tha .  .  .  .,1
"Burnol pe #gst kam kar lo ""bhai bahut need hai. .. #RightToPrivacy #Aadhar",1
lake nhi hai.. aur ye kejriwal nhi chaiye,1
exactly :( ye to kuch b nhi hai .  .  koi 31st dec n 1st jan ko exam dene ka dukh kya samjhega :( bt the phase is gone nw :) :d,1
"He: Bol na aunty aau kya?

Hot Headed Aunty: Darti hu kya tere se? Jaa apne baap ko bhi saath le aa",0
"@Prankoholic tum na baat hi na karo mujhse, wohi achha hai.",1
@Tweepshikha all well bas katt rahi hai,1
@tweeting_pal Isiliye aajkal koi kuch bhi bol ke chala jata hai.. Lagta hai purane bolshu ko phir se laana padega..,1
Tere saath kisne kiye yeh? Bata. Tag kar tu usko,0
#JNU key baad doosrey universities bhi #ArmyTanks install karney ki demand karney lagey hain ... Sochna padega key ham kis dour mei agaye hai !,1
@MeetUunngLee Abe 2 khareedna.. Ek tere bhai ke liye bhi,1
"Are bhaiya thoda bilaspur shehar pe bhi dhayan do. Dust capital bana rakha hai. na ""sadke na ""suraksha na drainage system",1
"""Us length se 3 baal andar aur 3 bahar nikal dein toh batsman pagal hi ho jayega"" ~ Shoaib Akhtar ka alag hi entertainment chalta hai",1
Yeh arms mujhay dede Thakur...pic.twitter.com/3YROcBR2N1,1
"Finally bank ki line se free ho kar apne Mahesh babu @Fussy_Ca wapas aa gaye hai

Itna swagat kare ",1
@Alllahdin @retardedwriter Aaj se cigarette bandh?,1
".@roykajal positivity achhi hai, magar usse kisi ka peth nahi bharta",1
@DefucktiveHumor bachche ko beech me mat lao yaar @Atheist_Krishna @Ra_Bies,1
"#MannKiBaat me pm bakwaas karte rehte hain aur pura din barbaad kar dete hain "" #aap ki press conference beech me hi kaat dete ho kyun ?",1
@LagharVaghar achar banane ke liye,1
we are born actors,1
@_SandSurfer kaisi galatfaimi me jee raha hai,1
@iamGunjanGrunge Krishna ko add hi nahi kaunga waha,1
@IamVibhor_ aur kya kya lena padta hai,1
@clued_up_chic daru kabhi dhoka nahi deti,1
"Tum #History ko tod marodne ki koshish ""karoge 1000 @TrueIndology facts leke aajayenge.",1
@HasnaZarooriHai abh call girl ko isi accha kya milega ..,0
lol admin atention seeker h jante bujhte post dala ki coment mile >_<,1
Marne par bhi Aadhar link karwana ehe sir .. #RightToPrivacy,1
azaadi bhot milgyi ab guddu shaadi kerle .  acting ka kida nikaal apne dil se aur bahar fek de .  :/,1
"jain book depot ,  ek khadus budda  baitha hota hai jo kabhi paise kam nahi karta .  :p",0
@Oinkoo Pakka bol tu fisloo praani hai,1
"Salesman: ""Ye lo.. Kar lo baat.. Ye Madam ji bol rahi hai mujhe Pink color ki Green Tea #AurDikhao""pic.twitter.com/XLuSrxpRa4",1
Abe koi to accha phone launch karo bkl.,0
good luck to scouser &amp,1
tu ladka nahi.. heera hai heera,1
@YearOfRat Yaar. 13 ke pehle bhi RT nahi milti aaj kal.,1
@Prachi_licious dosti pyar ka pehla kadam hoti hai,1
pratiyogita drapan .  .  guddu ias banega ise padke .  .,1
